12/30/2011,None,92,0,Hist,
12/30/2011,CloseLong,16,44302,Hist,
12/29/2011,CloseLong,-8,44286,Hist,
12/29/2011,CloseShort,366,44294,Hist,
12/28/2011,CloseLong,556,43928,Hist,
12/22/2011,CloseShort,76,43372,Hist,
12/21/2011,CloseLong,174,43296,Hist,
12/20/2011,CloseShort,-96,43122,Hist,
12/20/2011,CloseLong,-140,43218,Hist,
12/20/2011,CloseShort,66,43358,Hist,
12/19/2011,CloseLong,-19,43292,Hist,
12/14/2011,CloseLong,-264,43311,Hist,
12/13/2011,CloseShort,-33,43575,Hist,
12/13/2011,CloseShort,40,43608,Hist,
12/12/2011,CloseLong,-251,43568,Hist,
12/12/2011,CloseLong,-253,43819,Hist,
12/12/2011,CloseShort,-48,44072,Hist,
12/12/2011,CloseShort,-126,44120,Hist,
12/9/2011,CloseLong,-105,44246,Hist,
12/9/2011,CloseLong,-478,44351,Hist,
12/8/2011,CloseLong,25,44829,Hist,
12/8/2011,CloseLong,-74,44804,Hist,
12/7/2011,CloseLong,90,44878,Hist,
12/6/2011,CloseShort,35,44788,Hist,
12/6/2011,CloseShort,-87,44753,Hist,
12/6/2011,CloseShort,55,44840,Hist,
12/5/2011,CloseLong,-64,44785,Hist,
12/5/2011,CloseShort,-115,44849,Hist,
12/1/2011,CloseLong,24,44964,Hist,
12/1/2011,CloseShort,-275,44940,Hist,
11/30/2011,CloseLong,685,45215,Hist,
11/30/2011,CloseShort,-68,44530,Hist,
11/28/2011,CloseLong,1112,44598,Hist,
11/25/2011,CloseShort,486,43486,Hist,
11/24/2011,CloseLong,215,43000,Hist,
11/23/2011,CloseLong,-14,42785,Hist,
11/23/2011,CloseShort,-86,42799,Hist,
11/23/2011,CloseShort,17,42885,Hist,
11/23/2011,CloseLong,-257,42868,Hist,
11/22/2011,CloseLong,-36,43125,Hist,
11/22/2011,CloseShort,2,43161,Hist,
11/18/2011,CloseLong,-374,43159,Hist,
11/17/2011,CloseShort,100,43533,Hist,
11/16/2011,CloseLong,184,43433,Hist,
11/15/2011,CloseShort,-75,43249,Hist,
11/15/2011,CloseLong,-66,43324,Hist,
11/15/2011,CloseShort,-5,43390,Hist,
11/14/2011,CloseLong,235,43395,Hist,
11/11/2011,CloseLong,-508,43160,Hist,
11/9/2011,CloseShort,636,43668,Hist,
11/9/2011,CloseLong,-220,43032,Hist,
11/9/2011,CloseShort,-260,43252,Hist,
11/8/2011,CloseLong,574,43512,Hist,
11/7/2011,CloseShort,226,42938,Hist,
11/4/2011,CloseShort,-335,42712,Hist,
11/3/2011,CloseShort,-265,43047,Hist,
11/3/2011,CloseLong,-30,43312,Hist,
11/2/2011,CloseShort,-51,43342,Hist,
11/2/2011,CloseLong,-70,43393,Hist,
11/2/2011,CloseShort,-187,43463,Hist,
11/1/2011,CloseShort,1150,43650,Hist,
10/31/2011,CloseLong,40,42500,Hist,
10/28/2011,CloseLong,652,42460,Hist,
10/27/2011,CloseShort,-980,41808,Hist,
10/26/2011,CloseLong,42,42788,Hist,
10/26/2011,CloseLong,34,42746,Hist,
10/26/2011,CloseShort,-61,42712,Hist,
10/24/2011,CloseShort,-274,42773,Hist,
10/24/2011,CloseLong,651,43047,Hist,
10/21/2011,CloseLong,-54,42396,Hist,
10/20/2011,CloseLong,-548,42450,Hist,
10/18/2011,CloseLong,-856,42998,Hist,
10/17/2011,CloseShort,-510,43854,Hist,
10/14/2011,CloseLong,94,44364,Hist,
10/14/2011,CloseShort,176,44270,Hist,
10/13/2011,CloseLong,424,44094,Hist,
10/12/2011,CloseLong,60,43670,Hist,
10/11/2011,CloseShort,-350,43610,Hist,
10/10/2011,CloseLong,585,43960,Hist,
10/7/2011,CloseShort,-660,43375,Hist,
10/6/2011,CloseShort,-1490,44035,Hist,
10/5/2011,CloseLong,-536,45525,Hist,
10/4/2011,CloseShort,214,46061,Hist,
10/4/2011,CloseLong,17,45847,Hist,
10/3/2011,CloseShort,-386,45830,Hist,
10/3/2011,CloseLong,-498,46216,Hist,
9/29/2011,CloseShort,566,46714,Hist,
9/28/2011,CloseLong,65,46148,Hist,
9/28/2011,CloseShort,-733,46083,Hist,
9/26/2011,CloseLong,-259,46816,Hist,
9/26/2011,CloseShort,-442,47075,Hist,
9/26/2011,CloseLong,-615,47517,Hist,
9/23/2011,CloseLong,-325,48132,Hist,
9/23/2011,CloseShort,917,48457,Hist,
9/20/2011,CloseShort,-280,47540,Hist,
9/20/2011,CloseLong,182,47820,Hist,
9/19/2011,CloseShort,132,47638,Hist,
9/16/2011,CloseShort,-269,47506,Hist,
9/16/2011,CloseShort,-263,47775,Hist,
9/15/2011,CloseShort,-255,48038,Hist,
9/14/2011,CloseLong,557,48293,Hist,
9/13/2011,CloseLong,-259,47736,Hist,
9/12/2011,CloseShort,970,47995,Hist,
9/8/2011,CloseShort,-270,47025,Hist,
9/7/2011,CloseLong,560,47295,Hist,
9/7/2011,CloseShort,-45,46735,Hist,
9/6/2011,CloseLong,-44,46780,Hist,
9/5/2011,CloseLong,-255,46824,Hist,
9/2/2011,CloseLong,-343,47079,Hist,
9/1/2011,CloseShort,-52,47422,Hist,
8/31/2011,CloseLong,552,47474,Hist,
8/30/2011,CloseLong,14,46922,Hist,
8/29/2011,CloseLong,1160,46908,Hist,
8/25/2011,CloseLong,-698,45748,Hist,
8/25/2011,CloseLong,1104,46446,Hist,
8/24/2011,CloseLong,-140,45342,Hist,
8/24/2011,CloseShort,105,45482,Hist,
8/23/2011,CloseShort,-320,45377,Hist,
8/22/2011,CloseLong,33,45697,Hist,
8/22/2011,CloseLong,30,45664,Hist,
8/18/2011,CloseLong,-262,45634,Hist,
8/16/2011,CloseShort,58,45896,Hist,
8/15/2011,CloseShort,-328,45838,Hist,
8/12/2011,CloseShort,-1164,46166,Hist,
8/11/2011,CloseLong,-255,47330,Hist,
8/11/2011,CloseShort,-60,47585,Hist,
8/10/2011,CloseLong,-110,47645,Hist,
8/10/2011,CloseLong,352,47755,Hist,
8/10/2011,CloseShort,-176,47403,Hist,
8/8/2011,CloseShort,-160,47579,Hist,
8/8/2011,CloseShort,241,47739,Hist,
8/5/2011,CloseLong,-352,47498,Hist,
8/3/2011,CloseLong,-628,47850,Hist,
8/3/2011,CloseShort,174,48478,Hist,
8/2/2011,CloseShort,-20,48304,Hist,
8/2/2011,CloseShort,315,48324,Hist,
8/1/2011,CloseLong,-120,48009,Hist,
7/29/2011,CloseLong,-291,48129,Hist,
7/27/2011,CloseLong,-288,48420,Hist,
7/27/2011,CloseShort,163,48708,Hist,
7/26/2011,CloseLong,26,48545,Hist,
7/25/2011,CloseLong,-10,48519,Hist,
7/25/2011,CloseShort,-202,48529,Hist,
7/22/2011,CloseShort,48,48731,Hist,
7/22/2011,CloseLong,218,48683,Hist,
7/21/2011,CloseShort,21,48465,Hist,
7/21/2011,CloseShort,33,48444,Hist,
7/20/2011,CloseShort,-74,48411,Hist,
7/19/2011,CloseLong,54,48485,Hist,
7/19/2011,CloseLong,-12,48431,Hist,
7/18/2011,CloseLong,-260,48443,Hist,
7/15/2011,CloseLong,144,48703,Hist,
7/13/2011,CloseLong,778,48559,Hist,
7/12/2011,CloseShort,514,47781,Hist,
7/11/2011,CloseLong,-220,47267,Hist,
7/11/2011,CloseShort,251,47487,Hist,
7/7/2011,CloseShort,-27,47236,Hist,
7/7/2011,CloseShort,-506,47263,Hist,
7/6/2011,CloseLong,-134,47769,Hist,
7/6/2011,CloseLong,-70,47903,Hist,
7/6/2011,CloseLong,321,47973,Hist,
7/1/2011,CloseLong,-253,47652,Hist,
6/29/2011,CloseShort,-275,47905,Hist,
6/28/2011,CloseShort,-596,48180,Hist,
6/27/2011,CloseLong,18,48776,Hist,
6/27/2011,CloseShort,-15,48758,Hist,
6/24/2011,CloseShort,7,48773,Hist,
6/24/2011,CloseLong,85,48766,Hist,
6/23/2011,CloseLong,-255,48681,Hist,
6/22/2011,CloseLong,-66,48936,Hist,
6/22/2011,CloseShort,-180,49002,Hist,
6/22/2011,CloseLong,502,49182,Hist,
6/20/2011,CloseShort,-204,48680,Hist,
6/20/2011,CloseLong,-52,48884,Hist,
6/20/2011,CloseLong,-828,48936,Hist,
6/17/2011,CloseShort,555,49764,Hist,
6/15/2011,CloseLong,-86,49209,Hist,
6/14/2011,CloseShort,33,49295,Hist,
6/14/2011,CloseShort,-92,49262,Hist,
6/13/2011,CloseLong,-23,49354,Hist,
6/10/2011,CloseLong,-265,49377,Hist,
6/10/2011,CloseShort,-47,49642,Hist,
6/10/2011,CloseShort,-97,49689,Hist,
6/10/2011,CloseShort,-35,49786,Hist,
6/9/2011,CloseLong,-24,49821,Hist,
6/8/2011,CloseShort,198,49845,Hist,
6/7/2011,CloseLong,117,49647,Hist,
6/6/2011,CloseShort,-110,49530,Hist,
6/6/2011,CloseShort,-15,49640,Hist,
6/6/2011,CloseLong,-30,49655,Hist,
6/2/2011,CloseShort,580,49685,Hist,
5/31/2011,CloseShort,-40,49105,Hist,
5/31/2011,CloseLong,185,49145,Hist,
5/30/2011,CloseShort,-12,48960,Hist,
5/26/2011,CloseShort,-294,48972,Hist,
5/26/2011,CloseShort,-195,49266,Hist,
5/25/2011,CloseShort,-278,49461,Hist,
5/25/2011,CloseLong,89,49739,Hist,
5/23/2011,CloseShort,615,49650,Hist,
5/20/2011,CloseShort,-256,49035,Hist,
5/19/2011,CloseLong,5,49291,Hist,
5/19/2011,CloseShort,-100,49286,Hist,
5/19/2011,CloseShort,61,49386,Hist,
5/17/2011,CloseLong,201,49325,Hist,
5/16/2011,CloseShort,60,49124,Hist,
5/13/2011,CloseLong,350,49064,Hist,
5/12/2011,CloseShort,1148,48714,Hist,
5/11/2011,CloseLong,565,47566,Hist,
5/10/2011,CloseShort,64,47001,Hist,
5/9/2011,CloseLong,273,46937,Hist,
5/6/2011,CloseShort,-33,46664,Hist,
5/6/2011,CloseLong,-260,46697,Hist,
5/5/2011,CloseLong,-261,46957,Hist,
5/3/2011,CloseLong,-260,47218,Hist,
4/28/2011,CloseShort,-23,47478,Hist,
4/28/2011,CloseShort,112,47501,Hist,
4/26/2011,CloseLong,-18,47389,Hist,
4/20/2011,CloseLong,1130,47407,Hist,
4/18/2011,CloseShort,605,46277,Hist,
4/15/2011,CloseLong,45,45672,Hist,
4/14/2011,CloseLong,-52,45627,Hist,
4/12/2011,CloseLong,-306,45679,Hist,
4/11/2011,CloseLong,35,45985,Hist,
4/7/2011,CloseLong,-289,45950,Hist,
4/7/2011,CloseShort,-65,46239,Hist,
4/7/2011,CloseLong,325,46304,Hist,
4/5/2011,CloseShort,-19,45979,Hist,
4/1/2011,CloseShort,-260,45998,Hist,
4/1/2011,CloseLong,-58,46258,Hist,
4/1/2011,CloseLong,-36,46316,Hist,
3/31/2011,CloseShort,-14,46352,Hist,
3/30/2011,CloseLong,602,46366,Hist,
3/28/2011,CloseLong,-56,45764,Hist,
3/25/2011,CloseShort,45,45820,Hist,
3/24/2011,CloseShort,-254,45775,Hist,
3/24/2011,CloseShort,-620,46029,Hist,
3/23/2011,CloseLong,402,46649,Hist,
3/23/2011,CloseShort,11,46247,Hist,
3/22/2011,CloseLong,-15,46236,Hist,
3/18/2011,CloseLong,-292,46251,Hist,
3/18/2011,CloseShort,-25,46543,Hist,
3/18/2011,CloseLong,575,46568,Hist,
3/17/2011,CloseShort,-111,45993,Hist,
3/17/2011,CloseShort,-300,46104,Hist,
3/16/2011,CloseShort,-282,46404,Hist,
3/16/2011,CloseLong,239,46686,Hist,
3/15/2011,CloseLong,-650,46447,Hist,
3/11/2011,CloseLong,-55,47097,Hist,
3/10/2011,CloseShort,601,47152,Hist,
3/9/2011,CloseLong,-80,46551,Hist,
3/9/2011,CloseShort,260,46631,Hist,
3/7/2011,CloseLong,90,46371,Hist,
3/7/2011,CloseShort,66,46281,Hist,
3/4/2011,CloseLong,590,46215,Hist,
3/2/2011,CloseShort,680,45625,Hist,
3/1/2011,CloseLong,566,44945,Hist,
2/28/2011,CloseShort,-93,44379,Hist,
2/28/2011,CloseLong,104,44472,Hist,
2/25/2011,CloseLong,-261,44368,Hist,
2/24/2011,CloseShort,556,44629,Hist,
2/23/2011,CloseLong,-140,44073,Hist,
2/22/2011,CloseLong,-255,44213,Hist,
2/18/2011,CloseLong,-68,44468,Hist,
2/17/2011,CloseLong,-80,44536,Hist,
2/16/2011,CloseLong,-254,44616,Hist,
2/15/2011,CloseShort,-5,44870,Hist,
2/11/2011,CloseLong,585,44875,Hist,
2/10/2011,CloseShort,240,44290,Hist,
2/9/2011,CloseLong,-19,44050,Hist,
2/8/2011,CloseShort,175,44069,Hist,
2/7/2011,CloseShort,-80,43894,Hist,
2/4/2011,CloseShort,-326,43974,Hist,
2/2/2011,CloseShort,-337,44300,Hist,
2/1/2011,CloseLong,334,44637,Hist,
1/31/2011,CloseShort,-19,44303,Hist,
1/31/2011,CloseLong,-60,44322,Hist,
1/31/2011,CloseShort,680,44382,Hist,
1/27/2011,CloseShort,-502,43702,Hist,
1/26/2011,CloseLong,150,44204,Hist,`
1/25/2011,CloseLong,-514,44054,Hist,
1/24/2011,CloseShort,173,44568,Hist,
1/24/2011,CloseLong,128,44395,Hist,
1/19/2011,CloseShort,39,44267,Hist,
1/18/2011,CloseLong,105,44228,Hist,
1/17/2011,CloseLong,-310,44123,Hist,
1/17/2011,CloseShort,-39,44433,Hist,
1/17/2011,CloseShort,-17,44472,Hist,
1/14/2011,CloseShort,25,44489,Hist,
1/14/2011,CloseLong,-3,44464,Hist,
1/13/2011,CloseShort,-107,44467,Hist,
1/12/2011,CloseLong,552,44574,Hist,
1/11/2011,CloseLong,-15,44022,Hist,
1/10/2011,CloseLong,-18,44037,Hist,
1/10/2011,CloseShort,24,44055,Hist,
1/10/2011,CloseLong,-41,44031,Hist,
1/7/2011,CloseShort,245,44072,Hist,
1/6/2011,CloseLong,55,43827,Hist,
1/5/2011,CloseShort,350,43772,Hist,
1/5/2011,CloseShort,-112,43422,Hist,
1/4/2011,CloseShort,-222,43534,Hist,
12/30/2010,CloseLong,99,43756,Hist,
12/29/2010,CloseShort,-9,43657,Hist,
12/29/2010,CloseLong,25,43666,Hist,
12/29/2010,CloseShort,20,43641,Hist,
12/28/2010,CloseLong,-18,43621,Hist,
12/23/2010,CloseShort,85,43639,Hist,
12/21/2010,CloseShort,-260,43554,Hist,
12/20/2010,CloseLong,83,43814,Hist,
12/17/2010,CloseShort,-10,43731,Hist,
12/17/2010,CloseLong,-34,43741,Hist,
12/17/2010,CloseShort,-118,43775,Hist,
12/15/2010,CloseLong,206,43893,Hist,
12/14/2010,CloseShort,-33,43687,Hist,
12/14/2010,CloseLong,6,43720,Hist,
12/14/2010,CloseLong,51,43714,Hist,
12/13/2010,CloseShort,-80,43663,Hist,
12/13/2010,CloseLong,-56,43743,Hist,
12/10/2010,CloseLong,-50,43799,Hist,
12/10/2010,CloseLong,-14,43849,Hist,
12/9/2010,CloseShort,66,43863,Hist,
12/9/2010,CloseLong,-58,43797,Hist,
12/8/2010,CloseShort,41,43855,Hist,
12/7/2010,CloseLong,140,43814,Hist,
12/7/2010,CloseLong,-105,43674,Hist,
12/7/2010,CloseLong,370,43779,Hist,
12/3/2010,CloseShort,-314,43409,Hist,
12/2/2010,CloseLong,556,43723,Hist,
11/29/2010,CloseLong,-504,43167,Hist,
11/26/2010,CloseLong,-58,43671,Hist,
11/26/2010,CloseShort,140,43729,Hist,
11/25/2010,CloseLong,280,43589,Hist,
11/24/2010,CloseLong,-50,43309,Hist,
11/24/2010,CloseLong,-545,43359,Hist,
11/19/2010,CloseLong,-275,43904,Hist,
11/18/2010,CloseShort,-120,44179,Hist,
11/18/2010,CloseLong,424,44299,Hist,
11/17/2010,CloseLong,-2,43875,Hist,
11/17/2010,CloseShort,137,43877,Hist,
11/16/2010,CloseLong,-61,43740,Hist,
11/15/2010,CloseShort,-89,43801,Hist,
11/15/2010,CloseLong,28,43890,Hist,
11/12/2010,CloseShort,87,43862,Hist,
11/11/2010,CloseLong,-30,43775,Hist,
11/10/2010,CloseShort,44,43805,Hist,
11/9/2010,CloseShort,-261,43761,Hist,
11/9/2010,CloseLong,45,44022,Hist,
11/5/2010,CloseShort,-60,43977,Hist,
11/4/2010,CloseLong,552,44037,Hist,
11/1/2010,CloseLong,330,43485,Hist,
10/29/2010,CloseShort,-27,43155,Hist,
10/29/2010,CloseShort,5,43182,Hist,
10/29/2010,CloseLong,210,43177,Hist,
10/28/2010,CloseLong,4,42967,Hist,
10/27/2010,CloseLong,-100,42963,Hist,
10/26/2010,CloseShort,298,43063,Hist,
10/25/2010,CloseShort,-22,42765,Hist,
10/25/2010,CloseLong,111,42787,Hist,
10/22/2010,CloseShort,70,42676,Hist,
10/21/2010,CloseShort,-285,42606,Hist,
10/20/2010,CloseLong,-73,42891,Hist,
10/20/2010,CloseShort,145,42964,Hist,
10/19/2010,CloseShort,-272,42819,Hist,
10/19/2010,CloseLong,44,43091,Hist,
10/18/2010,CloseLong,-265,43047,Hist,
10/15/2010,CloseLong,-93,43312,Hist,
10/14/2010,CloseShort,73,43405,Hist,
10/13/2010,CloseLong,554,43332,Hist,
10/12/2010,CloseShort,242,42778,Hist,
10/11/2010,CloseLong,528,42536,Hist,
10/8/2010,CloseShort,209,42008,Hist,
10/7/2010,CloseLong,-4,41799,Hist,
10/7/2010,CloseShort,-79,41803,Hist,
10/7/2010,CloseLong,-40,41882,Hist,
10/6/2010,CloseShort,-89,41922,Hist,
10/5/2010,CloseShort,-45,42011,Hist,
10/5/2010,CloseLong,-39,42056,Hist,
10/5/2010,CloseShort,-46,42095,Hist,
10/4/2010,CloseLong,-6,42141,Hist,
10/4/2010,CloseLong,-71,42147,Hist,
10/1/2010,CloseShort,-110,42218,Hist,
10/1/2010,CloseLong,148,42328,Hist,
9/30/2010,CloseShort,-14,42180,Hist,
9/28/2010,CloseLong,105,42194,Hist,
9/28/2010,CloseShort,11,42089,Hist,
9/27/2010,CloseLong,-17,42078,Hist,
9/27/2010,CloseLong,-20,42095,Hist,
9/27/2010,CloseLong,207,42115,Hist,
9/23/2010,CloseShort,15,41908,Hist,
9/23/2010,CloseLong,54,41893,Hist,
9/22/2010,CloseLong,-265,41839,Hist,
9/22/2010,CloseShort,-45,42104,Hist,
9/21/2010,CloseLong,-3,42149,Hist,
9/21/2010,CloseLong,65,42152,Hist,
9/20/2010,CloseShort,112,42087,Hist,
9/17/2010,CloseLong,455,41975,Hist,
9/15/2010,CloseShort,11,41520,Hist,
9/15/2010,CloseLong,-73,41509,Hist,
9/14/2010,CloseShort,-65,41582,Hist,
9/14/2010,CloseLong,423,41647,Hist,
9/10/2010,CloseShort,62,41224,Hist,
9/9/2010,CloseLong,304,41162,Hist,
9/8/2010,CloseShort,40,40858,Hist,
9/8/2010,CloseShort,598,40818,Hist,
9/6/2010,CloseLong,332,40220,Hist,
9/3/2010,CloseShort,48,39888,Hist,
9/1/2010,CloseLong,595,39840,Hist,
8/31/2010,CloseShort,165,39245,Hist,
8/30/2010,CloseShort,-674,39080,Hist,
8/27/2010,CloseLong,-330,39754,Hist,
8/27/2010,CloseLong,-186,40084,Hist,
8/27/2010,CloseShort,-190,40270,Hist,
8/26/2010,CloseShort,-536,40460,Hist,
8/26/2010,CloseLong,-148,40996,Hist,
8/26/2010,CloseLong,-11,41144,Hist,
8/25/2010,CloseLong,-562,41155,Hist,
8/25/2010,CloseShort,-262,41717,Hist,
8/24/2010,CloseLong,60,41979,Hist,
8/19/2010,CloseLong,-303,41919,Hist,
8/19/2010,CloseShort,-111,42222,Hist,
8/18/2010,CloseLong,-266,42333,Hist,
8/17/2010,CloseShort,-34,42599,Hist,
8/17/2010,CloseShort,-256,42633,Hist,
8/16/2010,CloseLong,-63,42889,Hist,
8/16/2010,CloseShort,-138,42952,Hist,
8/13/2010,CloseShort,-34,43090,Hist,
8/13/2010,CloseShort,-320,43124,Hist,
8/6/2010,CloseLong,-272,43444,Hist,
8/6/2010,CloseLong,-47,43716,Hist,
8/6/2010,CloseShort,-78,43763,Hist,
8/5/2010,CloseLong,32,43841,Hist,
8/4/2010,CloseShort,220,43809,Hist,
8/3/2010,CloseShort,-73,43589,Hist,
8/2/2010,CloseLong,554,43662,Hist,
7/30/2010,CloseLong,-279,43108,Hist,
7/27/2010,CloseLong,-256,43387,Hist,
7/26/2010,CloseShort,-55,43643,Hist,
7/26/2010,CloseLong,59,43698,Hist,
7/23/2010,CloseShort,-39,43639,Hist,
7/23/2010,CloseLong,-94,43678,Hist,
7/23/2010,CloseLong,608,43772,Hist,
7/22/2010,CloseShort,-296,43164,Hist,
7/21/2010,CloseLong,555,43460,Hist,
7/20/2010,CloseLong,-265,42905,Hist,
7/20/2010,CloseLong,-65,43170,Hist,
7/20/2010,CloseShort,-95,43235,Hist,
7/16/2010,CloseLong,-269,43330,Hist,
7/16/2010,CloseLong,10,43599,Hist,
7/16/2010,CloseLong,66,43589,Hist,
7/16/2010,CloseLong,142,43523,Hist,
7/15/2010,CloseShort,-105,43381,Hist,
7/14/2010,CloseLong,251,43486,Hist,
7/13/2010,CloseShort,-45,43235,Hist,
7/12/2010,CloseLong,-22,43280,Hist,
7/12/2010,CloseShort,-5,43302,Hist,
7/9/2010,CloseLong,30,43307,Hist,
7/9/2010,CloseLong,-36,43277,Hist,
7/8/2010,CloseShort,-52,43313,Hist,
7/8/2010,CloseLong,635,43365,Hist,
7/7/2010,CloseShort,-43,42730,Hist,
7/6/2010,CloseLong,330,42773,Hist,
7/5/2010,CloseLong,105,42443,Hist,
7/2/2010,CloseShort,-60,42338,Hist,
7/1/2010,CloseLong,-220,42398,Hist,
7/1/2010,CloseShort,768,42618,Hist,
6/29/2010,CloseLong,-265,41850,Hist,
6/28/2010,CloseShort,31,42115,Hist,
6/25/2010,CloseLong,-65,42084,Hist,
6/25/2010,CloseLong,5,42149,Hist,
6/25/2010,CloseShort,69,42144,Hist,
6/24/2010,CloseLong,-105,42075,Hist,
6/24/2010,CloseLong,-294,42180,Hist,
6/23/2010,CloseLong,-125,42474,Hist,
6/22/2010,CloseShort,207,42599,Hist,
6/21/2010,CloseShort,-254,42392,Hist,
6/18/2010,CloseShort,-18,42646,Hist,
6/15/2010,CloseLong,555,42664,Hist,
6/11/2010,CloseShort,54,42109,Hist,
6/11/2010,CloseShort,-79,42055,Hist,
6/11/2010,CloseShort,-275,42134,Hist,
6/9/2010,CloseLong,561,42409,Hist,
6/8/2010,CloseLong,-277,41848,Hist,
6/8/2010,CloseLong,-257,42125,Hist,
6/7/2010,CloseLong,-257,42382,Hist,
6/4/2010,CloseShort,582,42639,Hist,
6/4/2010,CloseShort,188,42057,Hist,
6/3/2010,CloseLong,251,41869,Hist,
6/2/2010,CloseLong,714,41618,Hist,
6/1/2010,CloseShort,1118,40904,Hist,
5/28/2010,CloseShort,-256,39786,Hist,
5/26/2010,CloseLong,560,40042,Hist,
5/25/2010,CloseLong,-60,39482,Hist,
5/25/2010,CloseShort,-91,39542,Hist,
5/25/2010,CloseLong,-430,39633,Hist,
5/24/2010,CloseLong,130,40063,Hist,
5/21/2010,CloseLong,-270,39933,Hist,
5/21/2010,CloseShort,43,40203,Hist,
5/20/2010,CloseLong,-255,40160,Hist,
5/19/2010,CloseShort,11,40415,Hist,
5/18/2010,CloseLong,121,40404,Hist,
5/14/2010,CloseShort,575,40283,Hist,
5/13/2010,CloseShort,-70,39708,Hist,
5/12/2010,CloseLong,622,39778,Hist,
5/11/2010,CloseLong,161,39156,Hist,
5/7/2010,CloseShort,591,38995,Hist,
5/7/2010,CloseShort,-108,38404,Hist,
5/7/2010,CloseLong,-34,38512,Hist,
5/6/2010,CloseLong,-344,38546,Hist,
5/6/2010,CloseShort,575,38890,Hist,
5/4/2010,CloseLong,-280,38315,Hist,
5/3/2010,CloseLong,2,38595,Hist,
4/28/2010,CloseLong,-315,38593,Hist,
4/28/2010,CloseShort,570,38908,Hist,
4/26/2010,CloseLong,620,38338,Hist,
4/23/2010,CloseShort,-11,37718,Hist,
4/22/2010,CloseLong,-22,37729,Hist,
4/21/2010,CloseShort,103,37751,Hist,
4/21/2010,CloseShort,-70,37648,Hist,
4/20/2010,CloseLong,232,37718,Hist,
4/16/2010,CloseLong,-258,37486,Hist,
4/16/2010,CloseShort,-61,37744,Hist,
4/16/2010,CloseShort,-7,37805,Hist,
4/15/2010,CloseLong,165,37812,Hist,
4/13/2010,CloseLong,-265,37647,Hist,
4/13/2010,CloseShort,38,37912,Hist,
4/13/2010,CloseShort,342,37874,Hist,
4/12/2010,CloseLong,690,37532,Hist,
4/8/2010,CloseShort,70,36842,Hist,
4/7/2010,CloseLong,-14,36772,Hist,
4/7/2010,CloseLong,3,36786,Hist,
4/7/2010,CloseShort,-77,36783,Hist,
4/7/2010,CloseLong,-100,36860,Hist,
4/1/2010,CloseShort,-610,36960,Hist,
4/1/2010,CloseLong,140,37570,Hist,
3/31/2010,CloseLong,-46,37430,Hist,
3/31/2010,CloseLong,-10,37476,Hist,
3/31/2010,CloseShort,64,37486,Hist,
3/30/2010,CloseShort,-295,37422,Hist,
3/29/2010,CloseLong,100,37717,Hist,
3/26/2010,CloseShort,2,37617,Hist,
3/26/2010,CloseLong,78,37615,Hist,
3/25/2010,CloseShort,-80,37537,Hist,
3/24/2010,CloseLong,-260,37617,Hist,
3/23/2010,CloseLong,-100,37877,Hist,
3/23/2010,CloseShort,2,37977,Hist,
3/19/2010,CloseLong,-55,37975,Hist,
3/19/2010,CloseShort,-41,38030,Hist,
3/18/2010,CloseLong,640,38071,Hist,
3/16/2010,CloseLong,20,37431,Hist,
3/15/2010,CloseLong,-38,37411,Hist,
3/15/2010,CloseShort,76,37449,Hist,
3/12/2010,CloseLong,188,37373,Hist,
3/12/2010,CloseLong,-50,37185,Hist,
3/11/2010,CloseShort,-70,37235,Hist,
3/11/2010,CloseShort,40,37305,Hist,
3/10/2010,CloseLong,200,37265,Hist,
3/9/2010,CloseLong,-570,37065,Hist,
3/8/2010,CloseLong,-78,37635,Hist,
3/8/2010,CloseLong,260,37713,Hist,
3/5/2010,CloseShort,-22,37453,Hist,
3/5/2010,CloseShort,-130,37475,Hist,
3/4/2010,CloseShort,-265,37605,Hist,
3/2/2010,CloseShort,-260,37870,Hist,
3/1/2010,CloseLong,-30,38130,Hist,
3/1/2010,CloseLong,-120,38160,Hist,
2/25/2010,CloseLong,-255,38280,Hist,
2/24/2010,CloseShort,13,38535,Hist,
2/23/2010,CloseLong,-254,38522,Hist,
2/23/2010,CloseShort,-58,38776,Hist,
2/22/2010,CloseLong,224,38834,Hist,
2/19/2010,CloseShort,40,38610,Hist,
2/18/2010,CloseShort,-270,38570,Hist,
2/18/2010,CloseLong,-130,38840,Hist,
2/18/2010,CloseShort,-18,38970,Hist,
2/17/2010,CloseShort,-409,38988,Hist,
2/16/2010,CloseLong,555,39397,Hist,
2/15/2010,CloseShort,106,38842,Hist,
2/12/2010,CloseShort,84,38736,Hist,
2/11/2010,CloseLong,-84,38652,Hist,
2/11/2010,CloseShort,-60,38736,Hist,
2/10/2010,CloseShort,-85,38796,Hist,
2/9/2010,CloseShort,-265,38881,Hist,
2/9/2010,CloseLong,135,39146,Hist,
2/8/2010,CloseLong,2,39011,Hist,
2/8/2010,CloseShort,1037,39009,Hist,
2/3/2010,CloseLong,573,37972,Hist,
2/1/2010,CloseLong,-255,37399,Hist,
1/29/2010,CloseShort,326,37654,Hist,
1/28/2010,CloseLong,30,37328,Hist,
1/28/2010,CloseShort,7,37298,Hist,
1/28/2010,CloseLong,-105,37291,Hist,
1/28/2010,CloseShort,-257,37396,Hist,
1/27/2010,CloseLong,39,37653,Hist,
1/27/2010,CloseShort,-90,37614,Hist,
1/26/2010,CloseShort,370,37704,Hist,
1/25/2010,CloseLong,95,37334,Hist,
1/21/2010,CloseLong,-255,37239,Hist,
1/20/2010,CloseLong,-26,37494,Hist,
1/19/2010,CloseLong,60,37520,Hist,
1/15/2010,CloseLong,-251,37460,Hist,
1/15/2010,CloseShort,12,37711,Hist,
1/14/2010,CloseLong,94,37699,Hist,
1/13/2010,CloseShort,297,37605,Hist,
1/11/2010,CloseShort,-324,37308,Hist,
1/8/2010,CloseLong,215,37632,Hist,
1/7/2010,CloseLong,-65,37417,Hist,
1/6/2010,CloseShort,-45,37482,Hist,
1/6/2010,CloseLong,-54,37527,Hist,
1/6/2010,CloseShort,-35,37581,Hist,
1/5/2010,CloseShort,-123,37616,Hist,
1/5/2010,CloseLong,415,37739,Hist,
12/30/2009,CloseShort,1110,37324,Hist,
12/29/2009,CloseLong,140,36214,Hist,
12/28/2009,CloseLong,50,36074,Hist,
12/24/2009,CloseShort,24,36024,Hist,
12/22/2009,CloseShort,-30,36000,Hist,
12/18/2009,CloseShort,-258,36030,Hist,
12/17/2009,CloseLong,30,36288,Hist,
12/17/2009,CloseLong,74,36258,Hist,
12/17/2009,CloseShort,-180,36184,Hist,
12/15/2009,CloseLong,3,36364,Hist,
12/14/2009,CloseShort,9,36361,Hist,
12/14/2009,CloseShort,-280,36352,Hist,
12/11/2009,CloseLong,336,36632,Hist,
12/10/2009,CloseLong,-137,36296,Hist,
12/9/2009,CloseShort,259,36433,Hist,
12/8/2009,CloseLong,74,36174,Hist,
12/7/2009,CloseShort,148,36100,Hist,
12/7/2009,CloseLong,-257,35952,Hist,
12/4/2009,CloseLong,-268,36209,Hist,
12/1/2009,CloseShort,-258,36477,Hist,
11/30/2009,CloseLong,560,36735,Hist,
11/27/2009,CloseShort,820,36175,Hist,
11/25/2009,CloseShort,-10,35355,Hist,
11/25/2009,CloseShort,-260,35365,Hist,
11/24/2009,CloseShort,-100,35625,Hist,
11/23/2009,CloseLong,575,35725,Hist,
11/20/2009,CloseShort,120,35150,Hist,
11/20/2009,CloseShort,216,35030,Hist,
11/18/2009,CloseShort,-85,34814,Hist,
11/17/2009,CloseLong,27,34899,Hist,
11/17/2009,CloseLong,150,34872,Hist,
11/13/2009,CloseShort,-256,34722,Hist,
11/13/2009,CloseLong,5,34978,Hist,
11/13/2009,CloseLong,-5,34973,Hist,
11/12/2009,CloseShort,40,34978,Hist,
11/11/2009,CloseLong,-9,34938,Hist,
11/11/2009,CloseLong,-14,34947,Hist,
11/11/2009,CloseLong,220,34961,Hist,
11/10/2009,CloseShort,-81,34741,Hist,
11/9/2009,CloseLong,72,34822,Hist,
11/9/2009,CloseLong,399,34750,Hist,
11/5/2009,CloseShort,-6,34351,Hist,
11/4/2009,CloseShort,-680,34357,Hist,
11/3/2009,CloseLong,-522,35037,Hist,
11/2/2009,CloseShort,660,35559,Hist,
10/30/2009,CloseLong,585,34899,Hist,
10/27/2009,CloseLong,-276,34314,Hist,
10/26/2009,CloseShort,24,34590,Hist,
10/23/2009,CloseShort,-361,34566,Hist,
10/22/2009,CloseLong,-45,34927,Hist,
10/22/2009,CloseShort,-50,34972,Hist,
10/22/2009,CloseLong,35,35022,Hist,
10/21/2009,CloseShort,75,34987,Hist,
10/20/2009,CloseShort,-49,34912,Hist,
10/20/2009,CloseShort,-258,34961,Hist,
10/19/2009,CloseLong,165,35219,Hist,
10/19/2009,CloseLong,150,35054,Hist,
10/15/2009,CloseShort,20,34904,Hist,
10/15/2009,CloseLong,-20,34884,Hist,
10/15/2009,CloseLong,300,34904,Hist,
10/14/2009,CloseLong,516,34604,Hist,
10/9/2009,CloseLong,80,34088,Hist,
10/7/2009,CloseShort,-470,34008,Hist,
10/6/2009,CloseShort,-258,34478,Hist,
10/5/2009,CloseLong,30,34736,Hist,
10/5/2009,CloseLong,-22,34706,Hist,
10/2/2009,CloseShort,580,34728,Hist,
10/1/2009,CloseShort,-65,34148,Hist,
9/30/2009,CloseShort,-274,34213,Hist,
9/29/2009,CloseLong,100,34487,Hist,
9/25/2009,CloseLong,-395,34387,Hist,
9/23/2009,CloseShort,192,34782,Hist,
9/22/2009,CloseLong,159,34590,Hist,
9/22/2009,CloseShort,305,34431,Hist,
9/18/2009,CloseShort,10,34126,Hist,
9/18/2009,CloseShort,30,34116,Hist,
9/16/2009,CloseShort,-434,34086,Hist,
9/15/2009,CloseLong,65,34520,Hist,
9/14/2009,CloseShort,560,34455,Hist,
9/11/2009,CloseLong,333,33895,Hist,
9/10/2009,CloseLong,74,33562,Hist,
9/9/2009,CloseShort,20,33488,Hist,
9/8/2009,CloseLong,1110,33468,Hist,
9/4/2009,CloseShort,-60,32358,Hist,
9/4/2009,CloseLong,-90,32418,Hist,
9/4/2009,CloseShort,-120,32508,Hist,
9/3/2009,CloseLong,115,32628,Hist,
9/2/2009,CloseLong,-550,32513,Hist,
9/1/2009,CloseLong,-190,33063,Hist,
8/31/2009,CloseShort,359,33253,Hist,
8/28/2009,CloseLong,77,32894,Hist,
8/27/2009,CloseLong,-255,32817,Hist,
8/27/2009,CloseShort,-19,33072,Hist,
8/26/2009,CloseLong,-81,33091,Hist,
8/25/2009,CloseLong,15,33172,Hist,
8/25/2009,CloseShort,-135,33157,Hist,
8/25/2009,CloseShort,-626,33292,Hist,
8/20/2009,CloseLong,580,33918,Hist,
8/19/2009,CloseLong,-255,33338,Hist,
8/18/2009,CloseLong,-48,33593,Hist,
8/17/2009,CloseShort,616,33641,Hist,
8/14/2009,CloseShort,-130,33025,Hist,
8/13/2009,CloseLong,430,33155,Hist,
8/12/2009,CloseShort,-25,32725,Hist,
8/11/2009,CloseLong,-291,32750,Hist,
8/11/2009,CloseShort,-95,33041,Hist,
8/11/2009,CloseLong,-65,33136,Hist,
8/7/2009,CloseShort,55,33201,Hist,
8/5/2009,CloseLong,440,33146,Hist,
8/4/2009,CloseShort,-90,32706,Hist,
8/3/2009,CloseLong,560,32796,Hist,
7/31/2009,CloseLong,-20,32236,Hist,
7/30/2009,CloseShort,-544,32256,Hist,
7/29/2009,CloseShort,-84,32800,Hist,
7/29/2009,CloseShort,7,32884,Hist,
7/28/2009,CloseLong,-260,32877,Hist,
7/28/2009,CloseLong,480,33137,Hist,
7/23/2009,CloseLong,124,32657,Hist,
7/22/2009,CloseLong,-540,32533,Hist,
7/21/2009,CloseLong,50,33073,Hist,
7/21/2009,CloseLong,340,33023,Hist,
7/17/2009,CloseShort,-550,32683,Hist,
7/16/2009,CloseLong,-130,33233,Hist,
7/16/2009,CloseShort,-312,33363,Hist,
7/14/2009,CloseLong,605,33675,Hist,
7/13/2009,CloseShort,-416,33070,Hist,
7/8/2009,CloseLong,-550,33486,Hist,
7/8/2009,CloseShort,-50,34036,Hist,
7/8/2009,CloseLong,-75,34086,Hist,
7/8/2009,CloseShort,16,34161,Hist,
7/7/2009,CloseLong,90,34145,Hist,
7/6/2009,CloseLong,20,34055,Hist,
7/6/2009,CloseLong,-260,34035,Hist,
7/3/2009,CloseLong,-75,34295,Hist,
7/2/2009,CloseLong,-255,34370,Hist,
7/2/2009,CloseLong,198,34625,Hist,
7/1/2009,CloseShort,26,34427,Hist,
6/30/2009,CloseLong,-126,34401,Hist,
6/29/2009,CloseShort,76,34527,Hist,
6/26/2009,CloseLong,-50,34451,Hist,
6/26/2009,CloseShort,-286,34501,Hist,
6/24/2009,CloseLong,40,34787,Hist,
6/24/2009,CloseLong,245,34747,Hist,
6/23/2009,CloseShort,705,34502,Hist,
6/22/2009,CloseShort,-279,33797,Hist,
6/19/2009,CloseLong,349,34076,Hist,
6/18/2009,CloseShort,-45,33727,Hist,
6/18/2009,CloseLong,-138,33772,Hist,
6/17/2009,CloseLong,-348,33910,Hist,
6/15/2009,CloseLong,-290,34258,Hist,
6/12/2009,CloseShort,-107,34548,Hist,
6/12/2009,CloseShort,165,34655,Hist,
6/12/2009,CloseShort,310,34490,Hist,
6/10/2009,CloseLong,556,34180,Hist,
6/9/2009,CloseLong,18,33624,Hist,
6/8/2009,CloseShort,285,33606,Hist,
6/5/2009,CloseLong,555,33321,Hist,
6/4/2009,CloseShort,580,32766,Hist,
6/3/2009,CloseLong,-15,32186,Hist,
6/2/2009,CloseShort,-242,32201,Hist,
6/1/2009,CloseLong,695,32443,Hist,
5/28/2009,CloseLong,5,31748,Hist,
5/28/2009,CloseLong,-265,31743,Hist,
5/26/2009,CloseShort,4,32008,Hist,
5/26/2009,CloseLong,31,32004,Hist,
5/25/2009,CloseShort,-9,31973,Hist,
5/25/2009,CloseShort,-274,31982,Hist,
5/22/2009,CloseLong,125,32256,Hist,
5/22/2009,CloseShort,305,32131,Hist,
5/20/2009,CloseShort,-254,31826,Hist,
5/20/2009,CloseShort,-85,32080,Hist,
5/19/2009,CloseLong,1170,32165,Hist,
5/18/2009,CloseShort,-95,30995,Hist,
5/15/2009,CloseLong,570,31090,Hist,
5/13/2009,CloseLong,-254,30520,Hist,
5/12/2009,CloseShort,-104,30774,Hist,
5/12/2009,CloseLong,60,30878,Hist,
5/12/2009,CloseShort,20,30818,Hist,
5/12/2009,CloseLong,-10,30798,Hist,
5/11/2009,CloseLong,-540,30808,Hist,
5/8/2009,CloseLong,110,31348,Hist,
5/8/2009,CloseLong,-602,31238,Hist,
5/8/2009,CloseShort,114,31840,Hist,
5/7/2009,CloseLong,555,31726,Hist,
5/6/2009,CloseShort,-88,31171,Hist,
5/4/2009,CloseShort,-260,31259,Hist,
4/30/2009,CloseShort,-415,31519,Hist,
4/29/2009,CloseLong,71,31934,Hist,
4/28/2009,CloseLong,-600,31863,Hist,
4/24/2009,CloseLong,240,32463,Hist,
4/20/2009,CloseLong,-590,32223,Hist,
4/17/2009,CloseShort,-37,32813,Hist,
4/17/2009,CloseLong,-261,32850,Hist,
4/17/2009,CloseShort,-90,33111,Hist,
4/16/2009,CloseShort,175,33201,Hist,
4/15/2009,CloseLong,-40,33026,Hist,
4/15/2009,CloseLong,-55,33066,Hist,
4/15/2009,CloseShort,-85,33121,Hist,
4/8/2009,CloseShort,-310,33206,Hist,
4/8/2009,CloseLong,-45,33516,Hist,
4/3/2009,CloseLong,-305,33561,Hist,
4/3/2009,CloseShort,-120,33866,Hist,
4/2/2009,CloseLong,880,33986,Hist,
4/1/2009,CloseShort,-37,33106,Hist,
3/31/2009,CloseShort,-276,33143,Hist,
3/31/2009,CloseLong,280,33419,Hist,
3/27/2009,CloseShort,570,33139,Hist,
3/26/2009,CloseLong,65,32569,Hist,
3/25/2009,CloseShort,60,32504,Hist,
3/24/2009,CloseShort,105,32444,Hist,
3/24/2009,CloseShort,105,32339,Hist,
3/24/2009,CloseShort,-490,32234,Hist,
3/20/2009,CloseLong,75,32724,Hist,
3/20/2009,CloseLong,71,32649,Hist,
3/19/2009,CloseLong,585,32578,Hist,
3/19/2009,CloseShort,-225,31993,Hist,
3/18/2009,CloseLong,-170,32218,Hist,
3/17/2009,CloseLong,-251,32388,Hist,
3/16/2009,CloseShort,-181,32639,Hist,
3/13/2009,CloseLong,1178,32820,Hist,
3/12/2009,CloseShort,-102,31642,Hist,
3/11/2009,CloseLong,588,31744,Hist,
3/10/2009,CloseShort,-570,31156,Hist,
3/6/2009,CloseLong,-620,31726,Hist,
3/5/2009,CloseShort,330,32346,Hist,
3/5/2009,CloseShort,-502,32016,Hist,
3/4/2009,CloseLong,700,32518,Hist,
3/3/2009,CloseLong,-240,31818,Hist,
3/3/2009,CloseShort,230,32058,Hist,
3/2/2009,CloseLong,-104,31828,Hist,
3/2/2009,CloseLong,-29,31932,Hist,
3/2/2009,CloseLong,-10,31961,Hist,
2/27/2009,CloseLong,-260,31971,Hist,
2/25/2009,CloseLong,-290,32231,Hist,
2/24/2009,CloseShort,-127,32521,Hist,
2/24/2009,CloseLong,-900,32648,Hist,
2/20/2009,CloseShort,-15,33548,Hist,
2/20/2009,CloseLong,-386,33563,Hist,
2/18/2009,CloseShort,-36,33949,Hist,
2/18/2009,CloseLong,-97,33985,Hist,
2/18/2009,CloseShort,-30,34082,Hist,
2/17/2009,CloseLong,-269,34112,Hist,
2/16/2009,CloseShort,559,34381,Hist,
2/13/2009,CloseLong,-210,33822,Hist,
2/12/2009,CloseLong,-289,34032,Hist,
2/11/2009,CloseLong,-429,34321,Hist,
2/10/2009,CloseShort,20,34750,Hist,
2/6/2009,CloseLong,554,34730,Hist,
2/6/2009,CloseShort,-270,34176,Hist,
2/5/2009,CloseLong,551,34446,Hist,
2/4/2009,CloseLong,597,33895,Hist,
2/3/2009,CloseLong,-300,33298,Hist,
2/2/2009,CloseShort,260,33598,Hist,
1/30/2009,CloseLong,-162,33338,Hist,
1/30/2009,CloseShort,25,33500,Hist,
1/29/2009,CloseShort,609,33475,Hist,
1/27/2009,CloseShort,-580,32866,Hist,
1/26/2009,CloseLong,1130,33446,Hist,
1/23/2009,CloseShort,690,32316,Hist,
1/22/2009,CloseLong,220,31626,Hist,
1/20/2009,CloseLong,-286,31406,Hist,
1/20/2009,CloseLong,-35,31692,Hist,
1/20/2009,CloseLong,-295,31727,Hist,
1/15/2009,CloseLong,-290,32022,Hist,
1/15/2009,CloseLong,37,32312,Hist,
1/14/2009,CloseLong,-560,32275,Hist,
1/13/2009,CloseShort,595,32835,Hist,
1/12/2009,CloseLong,-45,32240,Hist,
1/12/2009,CloseShort,-115,32285,Hist,
1/9/2009,CloseShort,-260,32400,Hist,
1/9/2009,CloseShort,1,32660,Hist,
1/9/2009,CloseLong,198,32659,Hist,
1/8/2009,CloseShort,922,32461,Hist,
1/6/2009,CloseShort,-550,31539,Hist,
1/5/2009,CloseShort,-1380,32089,Hist,
1/2/2009,CloseLong,640,33469,Hist,
12/30/2008,CloseShort,180,32829,Hist,
12/29/2008,CloseLong,59,32649,Hist,
12/29/2008,CloseShort,-160,32590,Hist,
12/23/2008,CloseShort,-280,32750,Hist,
12/23/2008,CloseLong,-9,33030,Hist,
12/23/2008,CloseLong,-340,33039,Hist,
12/22/2008,CloseShort,71,33379,Hist,
12/22/2008,CloseLong,-265,33308,Hist,
12/19/2008,CloseLong,-430,33573,Hist,
12/18/2008,CloseShort,80,34003,Hist,
12/18/2008,CloseLong,1610,33923,Hist,
12/17/2008,CloseLong,310,32313,Hist,
12/15/2008,CloseLong,635,32003,Hist,
12/12/2008,CloseShort,-90,31368,Hist,
12/12/2008,CloseShort,-240,31458,Hist,
12/12/2008,CloseLong,-670,31698,Hist,
12/11/2008,CloseShort,-240,32368,Hist,
12/9/2008,CloseShort,-600,32608,Hist,
12/9/2008,CloseLong,580,33208,Hist,
12/8/2008,CloseShort,-630,32628,Hist,
12/5/2008,CloseLong,-600,33258,Hist,
12/4/2008,CloseShort,-202,33858,Hist,
12/4/2008,CloseLong,-29,34060,Hist,
12/3/2008,CloseShort,580,34089,Hist,
12/3/2008,CloseLong,-195,33509,Hist,
12/2/2008,CloseShort,-128,33704,Hist,
12/2/2008,CloseLong,-130,33832,Hist,
12/1/2008,CloseLong,-359,33962,Hist,
11/28/2008,CloseLong,-55,34321,Hist,
11/28/2008,CloseShort,-60,34376,Hist,
11/28/2008,CloseLong,55,34436,Hist,
11/27/2008,CloseLong,-90,34381,Hist,
11/27/2008,CloseLong,1190,34471,Hist,
11/26/2008,CloseLong,-124,33281,Hist,
11/26/2008,CloseShort,-150,33405,Hist,
11/26/2008,CloseShort,-220,33555,Hist,
11/24/2008,CloseLong,586,33775,Hist,
11/21/2008,CloseShort,-110,33189,Hist,
11/21/2008,CloseLong,-62,33299,Hist,
11/20/2008,CloseLong,-284,33361,Hist,
11/20/2008,CloseShort,-266,33645,Hist,
11/19/2008,CloseLong,59,33911,Hist,
11/19/2008,CloseLong,16,33852,Hist,
11/19/2008,CloseShort,-6,33836,Hist,
11/19/2008,CloseLong,40,33842,Hist,
11/18/2008,CloseShort,25,33802,Hist,
11/17/2008,CloseLong,-255,33777,Hist,
11/14/2008,CloseShort,580,34032,Hist,
11/14/2008,CloseLong,650,33452,Hist,
11/12/2008,CloseShort,49,32802,Hist,
11/11/2008,CloseShort,630,32753,Hist,
11/10/2008,CloseLong,555,32123,Hist,
11/7/2008,CloseLong,-195,31568,Hist,
11/7/2008,CloseShort,75,31763,Hist,
11/6/2008,CloseLong,-319,31688,Hist,
11/5/2008,CloseShort,575,32007,Hist,
11/4/2008,CloseLong,610,31432,Hist,
11/4/2008,CloseShort,161,30822,Hist,
11/3/2008,CloseLong,765,30661,Hist,
10/31/2008,CloseShort,20,29896,Hist,
10/30/2008,CloseShort,-1730,29876,Hist,
10/28/2008,CloseLong,560,31606,Hist,
10/27/2008,CloseShort,237,31046,Hist,
10/27/2008,CloseLong,-302,30809,Hist,
10/24/2008,CloseShort,640,31111,Hist,
10/23/2008,CloseShort,1070,30471,Hist,
10/22/2008,CloseLong,-480,29401,Hist,
10/21/2008,CloseShort,-250,29881,Hist,
10/21/2008,CloseShort,-831,30131,Hist,
10/20/2008,CloseLong,600,30962,Hist,
10/17/2008,CloseShort,-139,30362,Hist,
10/17/2008,CloseShort,3080,30501,Hist,
10/13/2008,CloseShort,-510,27421,Hist,
10/13/2008,CloseLong,1070,27931,Hist,
10/10/2008,CloseLong,-1240,26861,Hist,
10/9/2008,CloseShort,-19,28101,Hist,
10/8/2008,CloseShort,-325,28120,Hist,
10/8/2008,CloseLong,710,28445,Hist,
10/8/2008,CloseShort,341,27735,Hist,
10/7/2008,CloseLong,-275,27394,Hist,
10/7/2008,CloseShort,-115,27669,Hist,
10/6/2008,CloseShort,60,27784,Hist,
10/6/2008,CloseLong,-770,27724,Hist,
10/2/2008,CloseLong,-329,28494,Hist,
10/1/2008,CloseShort,555,28823,Hist,
10/1/2008,CloseLong,710,28268,Hist,
9/30/2008,CloseShort,2800,27558,Hist,
9/26/2008,CloseLong,-335,24758,Hist,
9/25/2008,CloseShort,-137,25093,Hist,
9/25/2008,CloseShort,-5,25230,Hist,
9/23/2008,CloseLong,-330,25235,Hist,
9/23/2008,CloseShort,560,25565,Hist,
9/22/2008,CloseLong,331,25005,Hist,
9/19/2008,CloseShort,-280,24674,Hist,
9/19/2008,CloseLong,210,24954,Hist,
9/19/2008,CloseShort,-950,24744,Hist,
9/18/2008,CloseLong,110,25694,Hist,
9/18/2008,CloseShort,-41,25584,Hist,
9/18/2008,CloseLong,1120,25625,Hist,
9/17/2008,CloseShort,680,24505,Hist,
9/17/2008,CloseLong,-80,23825,Hist,
9/16/2008,CloseShort,79,23905,Hist,
9/16/2008,CloseLong,-470,23826,Hist,
9/15/2008,CloseShort,250,24296,Hist,
9/12/2008,CloseShort,-304,24046,Hist,
9/12/2008,CloseLong,580,24350,Hist,
9/11/2008,CloseShort,-180,23770,Hist,
9/11/2008,CloseLong,-255,23950,Hist,
9/11/2008,CloseLong,-380,24205,Hist,
9/9/2008,CloseShort,581,24585,Hist,
9/8/2008,CloseLong,271,24004,Hist,
9/8/2008,CloseShort,-440,23733,Hist,
9/4/2008,CloseShort,640,24173,Hist,
9/4/2008,CloseLong,21,23533,Hist,
9/4/2008,CloseLong,-290,23512,Hist,
9/3/2008,CloseLong,-260,23802,Hist,
9/1/2008,CloseShort,1138,24062,Hist,
8/29/2008,CloseShort,-538,22924,Hist,
8/27/2008,CloseLong,1156,23462,Hist,
8/25/2008,CloseLong,-580,22306,Hist,
8/25/2008,CloseShort,95,22886,Hist,
8/22/2008,CloseLong,604,22791,Hist,
8/21/2008,CloseLong,-265,22187,Hist,
8/20/2008,CloseShort,-235,22452,Hist,
8/20/2008,CloseLong,-125,22687,Hist,
8/18/2008,CloseLong,-270,22812,Hist,
8/18/2008,CloseLong,-260,23082,Hist,
8/18/2008,CloseLong,-270,23342,Hist,
8/14/2008,CloseShort,-295,23612,Hist,
8/13/2008,CloseLong,12,23907,Hist,
8/13/2008,CloseLong,170,23895,Hist,
8/12/2008,CloseShort,320,23725,Hist,
8/11/2008,CloseLong,160,23405,Hist,
8/8/2008,CloseShort,-4,23245,Hist,
8/8/2008,CloseShort,300,23249,Hist,
8/7/2008,CloseLong,180,22949,Hist,
8/6/2008,CloseShort,-30,22769,Hist,
8/6/2008,CloseLong,860,22799,Hist,
8/1/2008,CloseShort,660,21939,Hist,
7/30/2008,CloseShort,-275,21279,Hist,
7/30/2008,CloseShort,-291,21554,Hist,
7/29/2008,CloseLong,-28,21845,Hist,
7/29/2008,CloseLong,20,21873,Hist,
7/25/2008,CloseShort,-35,21853,Hist,
7/24/2008,CloseLong,-270,21888,Hist,
7/24/2008,CloseLong,35,22158,Hist,
7/22/2008,CloseShort,590,22123,Hist,
7/21/2008,CloseLong,136,21533,Hist,
7/18/2008,CloseShort,50,21397,Hist,
7/17/2008,CloseLong,1160,21347,Hist,
7/17/2008,CloseShort,-98,20187,Hist,
7/16/2008,CloseLong,-560,20285,Hist,
7/15/2008,CloseLong,-542,20845,Hist,
7/15/2008,CloseShort,560,21387,Hist,
7/14/2008,CloseLong,-80,20827,Hist,
7/11/2008,CloseLong,-270,20907,Hist,
7/11/2008,CloseLong,-502,21177,Hist,
7/10/2008,CloseLong,-530,21679,Hist,
7/10/2008,CloseLong,92,22209,Hist,
7/9/2008,CloseLong,-240,22117,Hist,
7/9/2008,CloseShort,-319,22357,Hist,
7/8/2008,CloseLong,-110,22676,Hist,
7/8/2008,CloseShort,-94,22786,Hist,
7/8/2008,CloseLong,-279,22880,Hist,
7/7/2008,CloseShort,-10,23159,Hist,
7/7/2008,CloseShort,-420,23169,Hist,
7/4/2008,CloseShort,61,23589,Hist,
7/4/2008,CloseLong,-280,23528,Hist,
7/2/2008,CloseLong,-280,23808,Hist,
7/2/2008,CloseShort,-298,24088,Hist,
7/1/2008,CloseShort,540,24386,Hist,
6/27/2008,CloseLong,640,23846,Hist,
6/27/2008,CloseShort,-70,23206,Hist,
6/26/2008,CloseLong,-180,23276,Hist,
6/26/2008,CloseShort,-155,23456,Hist,
6/26/2008,CloseLong,-280,23611,Hist,
6/26/2008,CloseLong,1,23891,Hist,
6/24/2008,CloseShort,410,23890,Hist,
6/24/2008,CloseLong,-90,23480,Hist,
6/23/2008,CloseLong,-552,23570,Hist,
6/20/2008,CloseShort,1146,24122,Hist,
6/20/2008,CloseLong,804,22976,Hist,
6/12/2008,CloseShort,-260,22172,Hist,
6/12/2008,CloseShort,-300,22432,Hist,
6/11/2008,CloseLong,-275,22732,Hist,
6/10/2008,CloseLong,-750,23007,Hist,
6/9/2008,CloseShort,-240,23757,Hist,
6/9/2008,CloseLong,-540,23997,Hist,
6/9/2008,CloseShort,260,24537,Hist,
6/6/2008,CloseLong,706,24277,Hist,
6/5/2008,CloseShort,-170,23571,Hist,
6/5/2008,CloseLong,-570,23741,Hist,
6/4/2008,CloseLong,-620,24311,Hist,
6/3/2008,CloseLong,-10,24931,Hist,
6/3/2008,CloseLong,-162,24941,Hist,
6/3/2008,CloseShort,138,25103,Hist,
6/2/2008,CloseShort,-58,24965,Hist,
6/2/2008,CloseLong,200,25023,Hist,
5/30/2008,CloseShort,90,24823,Hist,
5/29/2008,CloseLong,-251,24733,Hist,
5/29/2008,CloseLong,-10,24984,Hist,
5/28/2008,CloseShort,-90,24994,Hist,
5/28/2008,CloseLong,-274,25084,Hist,
5/27/2008,CloseLong,-285,25358,Hist,
5/26/2008,CloseShort,446,25643,Hist,
5/22/2008,CloseShort,-255,25197,Hist,
5/21/2008,CloseLong,-95,25452,Hist,
5/20/2008,CloseLong,-255,25547,Hist,
5/20/2008,CloseShort,-263,25802,Hist,
5/16/2008,CloseLong,560,26065,Hist,
5/15/2008,CloseLong,330,25505,Hist,
5/13/2008,CloseLong,-290,25175,Hist,
5/12/2008,CloseShort,-60,25465,Hist,
5/12/2008,CloseLong,-40,25525,Hist,
5/9/2008,CloseShort,20,25565,Hist,
5/9/2008,CloseLong,196,25545,Hist,
5/8/2008,CloseShort,-10,25349,Hist,
5/6/2008,CloseLong,1130,25359,Hist,
5/5/2008,CloseLong,1360,24229,Hist,
4/29/2008,CloseShort,70,22869,Hist,
4/29/2008,CloseLong,-15,22799,Hist,
4/25/2008,CloseLong,-275,22814,Hist,
4/25/2008,CloseShort,205,23089,Hist,
4/24/2008,CloseLong,-2,22884,Hist,
4/23/2008,CloseLong,-351,22886,Hist,
4/22/2008,CloseShort,50,23237,Hist,
4/21/2008,CloseLong,-49,23187,Hist,
4/21/2008,CloseLong,-165,23236,Hist,
4/18/2008,CloseLong,-275,23401,Hist,
4/18/2008,CloseLong,-115,23676,Hist,
4/18/2008,CloseShort,65,23791,Hist,
4/16/2008,CloseLong,611,23726,Hist,
4/15/2008,CloseLong,180,23115,Hist,
4/14/2008,CloseShort,819,22935,Hist,
4/11/2008,CloseLong,-2,22116,Hist,
4/10/2008,CloseShort,-130,22118,Hist,
4/9/2008,CloseLong,555,22248,Hist,
4/8/2008,CloseShort,-14,21693,Hist,
4/7/2008,CloseShort,-496,21707,Hist,
4/4/2008,CloseLong,262,22203,Hist,
4/4/2008,CloseShort,-10,21941,Hist,
4/2/2008,CloseShort,-45,21951,Hist,
4/2/2008,CloseLong,305,21996,Hist,
3/31/2008,CloseLong,-275,21691,Hist,
3/31/2008,CloseShort,305,21966,Hist,
3/27/2008,CloseLong,1099,21661,Hist,
3/19/2008,CloseShort,635,20562,Hist,
3/19/2008,CloseLong,1398,19927,Hist,
3/18/2008,CloseShort,-95,18529,Hist,
3/18/2008,CloseLong,-270,18624,Hist,
3/17/2008,CloseShort,505,18894,Hist,
3/14/2008,CloseShort,-290,18389,Hist,
3/14/2008,CloseShort,-110,18679,Hist,
3/12/2008,CloseShort,-390,18789,Hist,
3/11/2008,CloseLong,42,19179,Hist,
3/10/2008,CloseShort,559,19137,Hist,
3/7/2008,CloseLong,-65,18578,Hist,
3/7/2008,CloseShort,-140,18643,Hist,
3/7/2008,CloseLong,-296,18783,Hist,
3/6/2008,CloseLong,561,19079,Hist,
3/5/2008,CloseShort,20,18518,Hist,
3/5/2008,CloseShort,290,18498,Hist,
3/4/2008,CloseShort,-278,18208,Hist,
2/29/2008,CloseShort,-260,18486,Hist,
2/29/2008,CloseLong,10,18746,Hist,
2/28/2008,CloseShort,442,18736,Hist,
2/27/2008,CloseLong,560,18294,Hist,
2/26/2008,CloseLong,-36,17734,Hist,
2/25/2008,CloseLong,-260,17770,Hist,
2/25/2008,CloseShort,-299,18030,Hist,
2/22/2008,CloseLong,-135,18329,Hist,
2/22/2008,CloseShort,-52,18464,Hist,
2/21/2008,CloseLong,585,18516,Hist,
2/20/2008,CloseLong,34,17931,Hist,
2/20/2008,CloseLong,-39,17897,Hist,
2/20/2008,CloseShort,-298,17936,Hist,
2/18/2008,CloseShort,-257,18234,Hist,
2/18/2008,CloseLong,80,18491,Hist,
2/18/2008,CloseShort,610,18411,Hist,
2/14/2008,CloseShort,-532,17801,Hist,
2/14/2008,CloseLong,1162,18333,Hist,
2/13/2008,CloseShort,-165,17171,Hist,
2/13/2008,CloseShort,-294,17336,Hist,
2/12/2008,CloseLong,555,17630,Hist,
2/11/2008,CloseLong,-305,17075,Hist,
2/11/2008,CloseLong,-265,17380,Hist,
2/8/2008,CloseLong,41,17645,Hist,
2/8/2008,CloseShort,-165,17604,Hist,
2/8/2008,CloseLong,-295,17769,Hist,
2/7/2008,CloseLong,-260,18064,Hist,
2/7/2008,CloseShort,-150,18324,Hist,
2/7/2008,CloseShort,-310,18474,Hist,
2/6/2008,CloseLong,721,18784,Hist,
2/6/2008,CloseShort,1360,18063,Hist,
1/31/2008,CloseShort,-320,16703,Hist,
1/31/2008,CloseLong,-24,17023,Hist,
1/31/2008,CloseLong,-10,17047,Hist,
1/31/2008,CloseShort,-950,17057,Hist,
1/29/2008,CloseLong,555,18007,Hist,
1/28/2008,CloseLong,-640,17452,Hist,
1/25/2008,CloseShort,-90,18092,Hist,
1/25/2008,CloseLong,45,18182,Hist,
1/24/2008,CloseLong,645,18137,Hist,
1/23/2008,CloseShort,570,17492,Hist,
1/22/2008,CloseLong,1130,16922,Hist,
1/21/2008,CloseShort,620,15792,Hist,
1/18/2008,CloseLong,-95,15172,Hist,
1/18/2008,CloseShort,-122,15267,Hist,
1/17/2008,CloseLong,-260,15389,Hist,
1/17/2008,CloseLong,-255,15649,Hist,
1/16/2008,CloseShort,969,15904,Hist,
1/15/2008,CloseLong,40,14935,Hist,
1/14/2008,CloseLong,570,14895,Hist,
1/11/2008,CloseLong,-297,14325,Hist,
1/10/2008,CloseLong,-510,14622,Hist,
1/10/2008,CloseShort,440,15132,Hist,
1/9/2008,CloseLong,-80,14692,Hist,
1/7/2008,CloseShort,30,14772,Hist,
1/7/2008,CloseShort,540,14742,Hist,
1/4/2008,CloseLong,555,14202,Hist,
1/3/2008,CloseShort,20,13647,Hist,
1/2/2008,CloseLong,-310,13627,Hist,
12/28/2007,CloseLong,-295,13937,Hist,
12/28/2007,CloseShort,60,14232,Hist,
12/27/2007,CloseShort,-2138,14172,Hist,
12/20/2007,CloseLong,637,16310,Hist,
12/19/2007,CloseShort,-75,15673,Hist,
12/19/2007,CloseLong,-510,15748,Hist,
12/13/2007,CloseShort,595,16258,Hist,
12/13/2007,CloseLong,-130,15663,Hist,
12/12/2007,CloseShort,300,15793,Hist,
12/11/2007,CloseShort,-300,15493,Hist,
12/10/2007,CloseLong,-31,15793,Hist,
12/10/2007,CloseLong,-7,15824,Hist,
12/10/2007,CloseShort,-30,15831,Hist,
12/7/2007,CloseLong,125,15861,Hist,
12/7/2007,CloseShort,-15,15736,Hist,
12/6/2007,CloseShort,-429,15751,Hist,
12/5/2007,CloseLong,-5,16180,Hist,
12/4/2007,CloseShort,563,16185,Hist,
12/3/2007,CloseLong,-61,15622,Hist,
12/3/2007,CloseShort,-102,15683,Hist,
11/29/2007,CloseLong,710,15785,Hist,
11/28/2007,CloseShort,559,15075,Hist,
11/27/2007,CloseLong,-130,14516,Hist,
11/26/2007,CloseShort,600,14646,Hist,
11/26/2007,CloseLong,-64,14046,Hist,
11/23/2007,CloseLong,1212,14110,Hist,
11/22/2007,CloseShort,320,12898,Hist,
11/21/2007,CloseLong,76,12578,Hist,
11/19/2007,CloseLong,-300,12502,Hist,
11/19/2007,CloseLong,7,12802,Hist,
11/19/2007,CloseLong,-65,12795,Hist,
11/15/2007,CloseShort,555,12860,Hist,
11/14/2007,CloseLong,-91,12305,Hist,
11/14/2007,CloseShort,-110,12396,Hist,
11/14/2007,CloseShort,-465,12506,Hist,
11/12/2007,CloseLong,-284,12971,Hist,
11/12/2007,CloseShort,150,13255,Hist,
11/9/2007,CloseLong,1208,13105,Hist,
11/8/2007,CloseShort,1160,11897,Hist,
11/7/2007,CloseLong,1140,10737,Hist,
11/5/2007,CloseShort,20,9597,Hist,
11/2/2007,CloseLong,-260,9577,Hist,
11/1/2007,CloseLong,-269,9837,Hist,
10/31/2007,CloseShort,-20,10106,Hist,
10/30/2007,CloseShort,-55,10126,Hist,
10/30/2007,CloseShort,-6,10181,Hist,
10/26/2007,CloseShort,-696,10187,Hist,
10/25/2007,CloseLong,-30,10883,Hist,
10/25/2007,CloseShort,-190,10913,Hist,
10/22/2007,CloseLong,-275,11103,Hist,
10/19/2007,CloseLong,-295,11378,Hist,
10/19/2007,CloseShort,-64,11673,Hist,
10/18/2007,CloseShort,70,11737,Hist,
10/18/2007,CloseLong,15,11667,Hist,
10/17/2007,CloseLong,-40,11652,Hist,
10/16/2007,CloseLong,-50,11692,Hist,
10/15/2007,CloseLong,-295,11742,Hist,
10/11/2007,CloseShort,-260,12037,Hist,
10/11/2007,CloseLong,1120,12297,Hist,
10/10/2007,CloseLong,554,11177,Hist,
10/9/2007,CloseShort,-110,10623,Hist,
10/9/2007,CloseShort,306,10733,Hist,
10/5/2007,CloseShort,-100,10427,Hist,
10/5/2007,CloseLong,330,10527,Hist,
10/3/2007,CloseShort,-30,10197,Hist,
10/2/2007,CloseShort,-414,10227,Hist,
10/1/2007,CloseShort,10,10641,Hist,
10/1/2007,CloseShort,-280,10631,Hist,
9/27/2007,CloseLong,-165,10911,Hist,
9/27/2007,CloseShort,-305,11076,Hist,
9/26/2007,CloseLong,130,11381,Hist,
9/25/2007,CloseShort,85,11251,Hist,
9/21/2007,CloseShort,-540,11166,Hist,
9/20/2007,CloseLong,30,11706,Hist,
9/19/2007,CloseLong,930,11676,Hist,
9/18/2007,CloseLong,-624,10746,Hist,
9/17/2007,CloseLong,-520,11370,Hist,
9/14/2007,CloseShort,10,11890,Hist,
9/13/2007,CloseShort,-600,11880,Hist,
9/13/2007,CloseLong,-190,12480,Hist,
9/12/2007,CloseShort,120,12670,Hist,
9/12/2007,CloseLong,341,12550,Hist,
9/11/2007,CloseLong,-10,12209,Hist,
9/10/2007,CloseLong,-280,12219,Hist,
9/10/2007,CloseShort,-70,12499,Hist,
9/10/2007,CloseLong,-10,12569,Hist,
9/7/2007,CloseLong,-340,12579,Hist,
9/7/2007,CloseLong,-24,12919,Hist,
9/7/2007,CloseLong,40,12943,Hist,
9/6/2007,CloseShort,-20,12903,Hist,
9/6/2007,CloseLong,-60,12923,Hist,
9/6/2007,CloseShort,80,12983,Hist,
9/5/2007,CloseLong,144,12903,Hist,
9/4/2007,CloseShort,-65,12759,Hist,
8/30/2007,CloseShort,-290,12824,Hist,
8/30/2007,CloseLong,555,13114,Hist,
8/28/2007,CloseLong,-279,12559,Hist,
8/28/2007,CloseShort,55,12838,Hist,
8/27/2007,CloseLong,560,12783,Hist,
8/24/2007,CloseShort,-120,12223,Hist,
8/24/2007,CloseShort,1190,12343,Hist,
8/23/2007,CloseLong,985,11153,Hist,
8/21/2007,CloseLong,-265,10168,Hist,
8/21/2007,CloseShort,47,10433,Hist,
8/21/2007,CloseShort,-30,10386,Hist,
8/20/2007,CloseLong,-20,10416,Hist,
8/20/2007,CloseShort,-600,10436,Hist,
8/17/2007,CloseLong,-500,11036,Hist,
8/16/2007,CloseLong,-274,11536,Hist,
8/16/2007,CloseShort,268,11810,Hist,
8/16/2007,CloseLong,-595,11542,Hist,
8/15/2007,CloseShort,630,12137,Hist,
8/14/2007,CloseShort,-260,11507,Hist,
8/13/2007,CloseLong,-270,11767,Hist,
8/10/2007,CloseShort,-29,12037,Hist,
8/8/2007,CloseLong,555,12066,Hist,
8/7/2007,CloseShort,-35,11511,Hist,
8/7/2007,CloseLong,-40,11546,Hist,
8/7/2007,CloseShort,-51,11586,Hist,
8/7/2007,CloseShort,-125,11637,Hist,
8/6/2007,CloseLong,-285,11762,Hist,
8/6/2007,CloseShort,880,12047,Hist,
8/3/2007,CloseLong,-130,11167,Hist,
8/3/2007,CloseLong,-48,11297,Hist,
8/1/2007,CloseLong,-260,11345,Hist,
8/1/2007,CloseShort,-79,11605,Hist,
8/1/2007,CloseShort,-10,11684,Hist,
7/31/2007,CloseLong,560,11694,Hist,
7/30/2007,CloseLong,40,11134,Hist,
7/30/2007,CloseLong,-102,11094,Hist,
7/25/2007,CloseLong,-538,11196,Hist,
7/25/2007,CloseShort,1140,11734,Hist,
7/24/2007,CloseLong,173,10594,Hist,
7/23/2007,CloseShort,75,10421,Hist,
7/20/2007,CloseLong,-30,10346,Hist,
7/20/2007,CloseShort,-265,10376,Hist,
7/19/2007,CloseLong,-132,10641,Hist,
7/19/2007,CloseLong,152,10773,Hist,
7/18/2007,CloseLong,-254,10621,Hist,
7/17/2007,CloseLong,-45,10875,Hist,
7/17/2007,CloseLong,-260,10920,Hist,
7/16/2007,CloseShort,25,11180,Hist,
7/16/2007,CloseShort,5,11155,Hist,
7/13/2007,CloseLong,640,11150,Hist,
7/11/2007,CloseLong,-20,10510,Hist,
7/11/2007,CloseShort,440,10530,Hist,
7/9/2007,CloseLong,1120,10090,Hist,
7/6/2007,CloseLong,244,8970,Hist,
7/4/2007,CloseLong,28,8726,Hist,
7/4/2007,CloseLong,-12,8698,Hist,
7/4/2007,CloseShort,-40,8710,Hist,
7/3/2007,CloseLong,-40,8750,Hist,
7/2/2007,CloseLong,-58,8790,Hist,
6/29/2007,CloseLong,-270,8848,Hist,
6/28/2007,CloseShort,28,9118,Hist,
6/28/2007,CloseLong,-150,9090,Hist,
6/27/2007,CloseLong,-255,9240,Hist,
6/26/2007,CloseLong,-275,9495,Hist,
6/22/2007,CloseLong,-255,9770,Hist,
6/21/2007,CloseShort,-423,10025,Hist,
6/20/2007,CloseLong,60,10448,Hist,
6/20/2007,CloseShort,15,10388,Hist,
6/19/2007,CloseLong,-22,10373,Hist,
6/19/2007,CloseShort,-23,10395,Hist,
6/14/2007,CloseShort,-257,10418,Hist,
6/14/2007,CloseLong,600,10675,Hist,
6/13/2007,CloseShort,245,10075,Hist,
6/12/2007,CloseShort,-345,9830,Hist,
6/11/2007,CloseLong,180,10175,Hist,
6/7/2007,CloseShort,-34,9995,Hist,
6/7/2007,CloseLong,-140,10029,Hist,
6/7/2007,CloseLong,-15,10169,Hist,
6/6/2007,CloseShort,1,10184,Hist,
6/5/2007,CloseShort,40,10183,Hist,
6/5/2007,CloseLong,-35,10143,Hist,
6/5/2007,CloseShort,-35,10178,Hist,
6/4/2007,CloseLong,220,10213,Hist,
5/31/2007,CloseLong,220,9993,Hist,
5/30/2007,CloseLong,-13,9773,Hist,
5/30/2007,CloseLong,-305,9786,Hist,
5/28/2007,CloseLong,46,10091,Hist,
5/25/2007,CloseLong,-10,10045,Hist,
5/25/2007,CloseShort,245,10055,Hist,
5/24/2007,CloseLong,-99,9810,Hist,
5/24/2007,CloseLong,-10,9909,Hist,
5/24/2007,CloseShort,-50,9919,Hist,
5/23/2007,CloseShort,-255,9969,Hist,
5/22/2007,CloseLong,565,10224,Hist,
5/17/2007,CloseLong,-252,9659,Hist,
5/17/2007,CloseShort,67,9911,Hist,
5/16/2007,CloseLong,101,9844,Hist,
5/15/2007,CloseShort,591,9743,Hist,
5/14/2007,CloseLong,555,9152,Hist,
5/9/2007,CloseLong,-95,8597,Hist,
5/8/2007,CloseShort,570,8692,Hist,
5/8/2007,CloseShort,-27,8122,Hist,
5/7/2007,CloseLong,106,8149,Hist,
5/4/2007,CloseLong,210,8043,Hist,
5/3/2007,CloseShort,20,7833,Hist,
5/3/2007,CloseShort,-9,7813,Hist,
5/2/2007,CloseLong,64,7822,Hist,
4/30/2007,CloseLong,69,7758,Hist,
4/30/2007,CloseShort,215,7689,Hist,
4/26/2007,CloseShort,-39,7474,Hist,
4/25/2007,CloseLong,16,7513,Hist,
4/24/2007,CloseShort,95,7497,Hist,
4/24/2007,CloseLong,580,7402,Hist,
4/19/2007,CloseShort,565,6822,Hist,
4/18/2007,CloseLong,-7,6257,Hist,
4/17/2007,CloseShort,-10,6264,Hist,
4/16/2007,CloseLong,1140,6274,Hist,
4/12/2007,CloseLong,-90,5134,Hist,
4/12/2007,CloseShort,55,5224,Hist,
4/11/2007,CloseLong,-90,5169,Hist,
4/11/2007,CloseLong,405,5259,Hist,
4/5/2007,CloseLong,-120,4854,Hist,
4/4/2007,CloseLong,6,4974,Hist,
4/4/2007,CloseShort,64,4968,Hist,
4/3/2007,CloseShort,-260,4904,Hist,
4/2/2007,CloseShort,-270,5164,Hist,
4/2/2007,CloseLong,-115,5434,Hist,
3/30/2007,CloseShort,-16,5549,Hist,
3/30/2007,CloseLong,348,5565,Hist,
3/28/2007,CloseShort,90,5217,Hist,
3/27/2007,CloseLong,-42,5127,Hist,
3/27/2007,CloseLong,-30,5169,Hist,
3/27/2007,CloseLong,145,5199,Hist,
3/23/2007,CloseLong,1,5054,Hist,
3/23/2007,CloseShort,11,5053,Hist,
3/22/2007,CloseLong,-5,5042,Hist,
3/22/2007,CloseLong,625,5047,Hist,
3/20/2007,CloseShort,-45,4422,Hist,
3/20/2007,CloseShort,-283,4467,Hist,
3/19/2007,CloseLong,560,4750,Hist,
3/16/2007,CloseShort,-11,4190,Hist,
3/16/2007,CloseShort,-93,4201,Hist,
3/15/2007,CloseLong,680,4294,Hist,
3/14/2007,CloseShort,680,3614,Hist,
3/13/2007,CloseLong,11,2934,Hist,
3/12/2007,CloseShort,-50,2923,Hist,
3/12/2007,CloseLong,570,2973,Hist,
3/9/2007,CloseShort,-50,2403,Hist,
3/8/2007,CloseLong,567,2453,Hist,
3/5/2007,CloseShort,70,1886,Hist,
3/5/2007,CloseLong,-440,1816,Hist,
3/2/2007,CloseShort,25,2256,Hist,
3/1/2007,CloseLong,-270,2231,Hist,
2/28/2007,CloseShort,2110,2501,Hist,
2/26/2007,CloseShort,-528,391,Hist,
2/23/2007,CloseLong,180,919,Hist,
2/21/2007,CloseLong,-530,739,Hist,
2/21/2007,CloseShort,180,1269,Hist,
2/20/2007,CloseLong,24,1089,Hist,
2/20/2007,CloseLong,165,1065,Hist,
2/16/2007,CloseShort,-16,900,Hist,
2/16/2007,CloseLong,-50,916,Hist,
2/15/2007,CloseShort,-106,966,Hist,
2/13/2007,CloseShort,-255,1072,Hist,
2/12/2007,CloseShort,-30,1327,Hist,
2/9/2007,CloseShort,-10,1357,Hist,
2/9/2007,CloseLong,-69,1367,Hist,
2/8/2007,CloseLong,-260,1436,Hist,
2/7/2007,CloseShort,-20,1696,Hist,
2/7/2007,CloseLong,330,1716,Hist,
2/5/2007,CloseShort,275,1386,Hist,
2/2/2007,CloseShort,-55,1111,Hist,
2/2/2007,CloseLong,135,1166,Hist,
2/1/2007,CloseShort,-130,1031,Hist,
1/31/2007,CloseLong,175,1161,Hist,
1/29/2007,CloseShort,105,986,Hist,
1/26/2007,CloseLong,-34,881,Hist,
1/26/2007,CloseLong,35,915,Hist,
1/25/2007,CloseLong,-45,880,Hist,
1/24/2007,CloseLong,330,925,Hist,
1/23/2007,CloseShort,177,595,Hist,
1/22/2007,CloseLong,55,418,Hist,
1/19/2007,CloseShort,200,363,Hist,
1/18/2007,CloseLong,80,163,Hist,
1/18/2007,CloseShort,95,83,Hist,
1/17/2007,CloseShort,69,-12,Hist,
1/16/2007,CloseLong,405,-81,Hist,
1/11/2007,CloseShort,-52,-486,Hist,
1/11/2007,CloseLong,50,-434,Hist,
1/11/2007,CloseLong,55,-484,Hist,
1/10/2007,CloseLong,-70,-539,Hist,
1/10/2007,CloseShort,-34,-469,Hist,
1/8/2007,CloseShort,-260,-435,Hist,
1/8/2007,CloseLong,-175,-175,Hist,
